{"model_type": "TFT_PINN", "n_flat": 105, "n_seq_channels": 22, "n_seq_timesteps": 150, "flat_hidden_dim": 256, "flat_n_residual_blocks": 2, "null_embedding_dim": 16, "seq_hidden_dim": 128, "seq_n_heads": 4, "seq_n_layers": 2, "seq_dropout": 0.1, "epochs": 200, "feat_mean": [596.6168212890625, 29.582014083862305, -2.855604887008667, 2.421273708343506, 1364554059612160.0, 59.16402816772461, 0.8138698935508728, 566.1322631835938, 138.21742248535156, 14.784720420837402, 29.6309871673584, 0.9816339612007141, 0.755641520023346, 2.664128624019213e-05, 0.15832805633544922, 11.186400413513184, 2.0178401470184326, 181.35806274414062, 2.3024729656125326e+22, 35.53759765625, 106.14777374267578, 109.1727294921875, 47.93734359741211, 0.07225149869918823, 30669851852800.0, 0.000602741027250886, 1722.74072265625, 316.26739501953125, 0.0012732851319015026, 12347603156992.0, 5410.328125, 4.026758498824508e+23, 29.234804153442383, 17.110809326171875, 2.6825742721557617, 837.6382446289062, 0.4002533257007599, 416.6700439453125, 6.082018852233887, 6.233982086181641, -0.12420634925365448, 596.6168212890625, -0.03128594532608986, 2.4138550758361816, -4.609499454498291, 416.57012939453125, 6.131021499633789, 1.9536380767822266, 478.5769348144531, -25.43698501586914, 30.328689575195312, 14.834959983825684, -1.901836633682251, 5.151791572570801, 408.4717712402344, 1.8486402034759521, 117.1589584350586, -54.10512924194336, 3.5330424308776855, 0.6396453380584717, 3.511981725692749, 0.2748574912548065, 11.028328895568848, 1626.9853515625, 63.67118835449219, 0.0, 2.1666667461395264, 0.8378720879554749, 3.1325385570526123, 4.264375686645508, 34.47755813598633, 37.952484130859375, 32.618778228759766, 4.403268337249756, 5.110196113586426, 872.2821655273438, 568.955810546875, 43.23958206176758, 0.3603546619415283, 1.7194427251815796, 28461208961024.0, 9366.171875, 7.52850032345709e+23, 0.09689676761627197, 1.2283018827438354, 0.8603773713111877, 454.3396301269531, 10.858490943908691, 0.33565548062324524, 0.01583280600607395, 0.16276124119758606, 0.06079797446727753, 0.7859404683113098, 0.05763141065835953, 22.092124938964844, 0.04044630378484726, 0.04470789059996605, 13.285913467407227, -0.027894003316760063, 0.043698541820049286, 66.66691589355469, 0.11779607087373734, 414.1657409667969, 6.488265514373779, 0.0], "feat_std": [319.00518798828125, 12.385089874267578, 30.89114761352539, 79.31059265136719, 2086323850575872.0, 24.770179748535156, 5.7190351486206055, 366.7463073730469, 114.15402221679688, 0.6635345816612244, 0.8840668201446533, 0.1343136876821518, 0.6537179946899414, 7.090809231158346e-05, 0.36516398191452026, 4.970545291900635, 2.583211898803711, 96.04572296142578, 3.190872168406053e+22, 9.975205421447754, 21.048141479492188, 19.97939682006836, 13.957358360290527, 0.4899587333202362, 42839098523648.0, 0.01120971143245697, 2716.5927734375, 645.0733032226562, 0.026667019352316856, 21891335061504.0, 4970.0576171875, 7.198473660459619e+23, 9.048885345458984, 16.18301773071289, 2.049100399017334, 1058.66357421875, 0.4901047945022583, 85.96080780029297, 4.784563064575195, 3.3047876358032227, 2.664668321609497, 319.00518798828125, 1.7675977945327759, 1.5801910161972046, 3.819334030151367, 80.78014373779297, 4.009692192077637, 1.4474384784698486, 298.73095703125, 32.61851119995117, 14.062877655029297, 12.528162002563477, 97.26068878173828, 2.0256145000457764, 64.63622283935547, 1.2622448205947876, 59.91201400756836, 50.36252975463867, 1.5182524919509888, 0.4802553951740265, 2.424241304397583, 0.4465838670730591, 50.18080139160156, 1334.67041015625, 14.534296035766602, 1.0, 0.745637834072113, 0.36868488788604736, 2.0781149864196777, 2.725233554840088, 19.112442016601562, 7.548504829406738, 13.97742748260498, 0.8223678469657898, 3.400479555130005, 372.95367431640625, 179.0189666748047, 32.03279113769531, 0.4802553951740265, 1.0593039989471436, 26541327122432.0, 5004.63427734375, 7.333076525546528e+23, 0.29591086506843567, 0.8173167109489441, 0.34692254662513733, 93.86491394042969, 4.671108722686768, 0.47236868739128113, 0.12486793845891953, 0.3692646324634552, 0.23903506994247437, 0.41029825806617737, 0.2331189662218094, 25.49761199951172, 0.19707228243350983, 0.09376879781484604, 7.907559871673584, 0.9999595880508423, 0.20448829233646393, 21.402408599853516, 0.322468638420105, 90.36381530761719, 3.769266128540039, 1.0]}