{
  "model_id": "tft_pinn_943e0a87",
  "split": "holdout",
  "n_events": 90,
  "mae_hours": 30.018800735473633,
  "rmse_hours": 34.27322769165039,
  "bias_hours": 17.691925048828125,
  "p10_p90_coverage": 0.06666666666666667,
  "baseline_pinn_v1_mae": 8.69,
  "g7_gate_pass": false,
  "evaluated_at": "2026-04-18T04:01:56.624925+00:00"
}